S/N,Project Name,Street Name,Type,Postal District,Market Segment,Tenure,Type of Sale,No. of Units,Price,Nett Price ($),Area in Sqft,Type of Area,Floor Level,Unit Price in dollar psf,Date of Sale
1,THE CREST,PRINCE CHARLES CRESCENT,Condominium,3,RCR,99 years leasehold,New Sale,1,2060000,-,1216,Strata,06 to 10,1694,Sep-15
2,WATERFRONT@FABER,FABER WALK,Apartment,5,OCR,99 years leasehold,New Sale,1,1589560,-,1292,Strata,01 to 05,1231,Sep-15
3,HIGHLINE RESIDENCES,KIM TIAN ROAD,Condominium,3,RCR,99 years leasehold,New Sale,1,2319900,-,1292,Strata,06 to 10,1796,Sep-15
4,THE TRILINQ,JALAN LEMPENG,Condominium,5,OCR,99 years leasehold,New Sale,1,1676000,-,1356,Strata,26 to 30,1236,Sep-15
5,HIGHLINE RESIDENCES,KIM TIAN ROAD,Condominium,3,RCR,99 years leasehold,New Sale,1,2056800,-,1152,Strata,06 to 10,1786,Sep-15
6,THE SAIL @ MARINA BAY,MARINA BOULEVARD,Apartment,1,CCR,99 yrs lease commencing from 2002,Resale,1,1200000,-,614,Strata,56 to 60,1956,Sep-15
7,ICON,GOPENG STREET,Apartment,2,CCR,99 yrs lease commencing from 2002,Resale,1,1650000,-,936,Strata,41 to 45,1762,Sep-15
8,THE INTERLACE,DEPOT ROAD,Condominium,4,RCR,99 yrs lease commencing from 2009,Resale,1,2497000,-,2056,Strata,01 to 05,1215,Sep-15
9,CORALS AT KEPPEL BAY,KEPPEL BAY DRIVE,Condominium,4,RCR,99 years leasehold,New Sale,1,2450000,2350000,1259,Strata,01 to 05,1866,Sep-15
10,PARC IMPERIAL,PASIR PANJANG ROAD,Condominium,5,RCR,Freehold,Resale,1,660000,-,398,Strata,01 to 05,1657,Sep-15
11,WATERFRONT@FABER,FABER WALK,Apartment,5,OCR,99 years leasehold,New Sale,1,1314000,-,1066,Strata,01 to 05,1233,Sep-15
12,V ON SHENTON,SHENTON WAY,Apartment,1,CCR,99 years leasehold,New Sale,1,3100000,-,1528,Strata,46 to 50,2028,Sep-15
13,HIGHLINE RESIDENCES,KIM TIAN ROAD,Condominium,3,RCR,99 years leasehold,New Sale,1,2014900,-,1152,Strata,01 to 05,1749,Sep-15
14,HIGHLINE RESIDENCES,KIM TIAN ROAD,Condominium,3,RCR,99 years leasehold,New Sale,1,1713400,-,915,Strata,16 to 20,1873,Sep-15
15,HIGHLINE RESIDENCES,KIM TIAN ROAD,Condominium,3,RCR,99 years leasehold,New Sale,1,1066400,-,506,Strata,21 to 25,2108,Sep-15
16,HIGHLINE RESIDENCES,KIM TIAN ROAD,Condominium,3,RCR,99 years leasehold,New Sale,1,2257200,-,1292,Strata,06 to 10,1747,Sep-15
17,HIGHLINE RESIDENCES,KIM TIAN ROAD,Condominium,3,RCR,99 years leasehold,New Sale,1,2378600,-,1292,Strata,11 to 15,1841,Sep-15
18,HIGHLINE RESIDENCES,KIM TIAN ROAD,Condominium,3,RCR,99 years leasehold,New Sale,1,1319000,-,700,Strata,11 to 15,1885,Sep-15
19,HIGHLINE RESIDENCES,KIM TIAN ROAD,Condominium,3,RCR,99 years leasehold,New Sale,1,1066400,-,506,Strata,21 to 25,2108,Sep-15
20,HIGHLINE RESIDENCES,KIM TIAN ROAD,Condominium,3,RCR,99 years leasehold,New Sale,1,1004000,-,506,Strata,11 to 15,1985,Sep-15
21,HIGHLINE RESIDENCES,KIM TIAN ROAD,Condominium,3,RCR,99 years leasehold,New Sale,1,1393200,-,667,Strata,26 to 30,2088,Sep-15
22,HIGHLINE RESIDENCES,KIM TIAN ROAD,Condominium,3,RCR,99 years leasehold,New Sale,1,1344600,-,667,Strata,21 to 25,2015,Sep-15
23,HIGHLINE RESIDENCES,KIM TIAN ROAD,Condominium,3,RCR,99 years leasehold,New Sale,1,1385100,-,667,Strata,26 to 30,2075,Sep-15
24,HIGHLINE RESIDENCES,KIM TIAN ROAD,Condominium,3,RCR,99 years leasehold,New Sale,1,1699000,-,915,Strata,16 to 20,1857,Sep-15
25,HIGHLINE RESIDENCES,KIM TIAN ROAD,Condominium,3,RCR,99 years leasehold,New Sale,1,1733900,-,915,Strata,16 to 20,1895,Sep-15
26,HIGHLINE RESIDENCES,KIM TIAN ROAD,Condominium,3,RCR,99 years leasehold,New Sale,1,1671300,-,915,Strata,11 to 15,1827,Sep-15
27,HIGHLINE RESIDENCES,KIM TIAN ROAD,Condominium,3,RCR,99 years leasehold,New Sale,1,1277800,-,700,Strata,11 to 15,1826,Sep-15
28,HIGHLINE RESIDENCES,KIM TIAN ROAD,Condominium,3,RCR,99 years leasehold,New Sale,1,1254000,-,700,Strata,06 to 10,1792,Sep-15
29,HIGHLINE RESIDENCES,KIM TIAN ROAD,Condominium,3,RCR,99 years leasehold,New Sale,1,1270100,-,700,Strata,11 to 15,1815,Sep-15
30,HIGHLINE RESIDENCES,KIM TIAN ROAD,Condominium,3,RCR,99 years leasehold,New Sale,1,1598900,-,915,Strata,11 to 15,1748,Sep-15
31,HIGHLINE RESIDENCES,KIM TIAN ROAD,Condominium,3,RCR,99 years leasehold,New Sale,1,1059300,-,506,Strata,21 to 25,2094,Sep-15
32,THE ORIENT,PASIR PANJANG ROAD,Apartment,5,RCR,Freehold,New Sale,1,1100000,-,592,Strata,01 to 05,1858,Sep-15
33,WATERFRONT@FABER,FABER WALK,Apartment,5,OCR,99 years leasehold,New Sale,1,1603000,-,1259,Strata,01 to 05,1273,Sep-15
34,HIGHLINE RESIDENCES,KIM TIAN ROAD,Condominium,3,RCR,99 years leasehold,New Sale,1,2103300,-,1152,Strata,11 to 15,1826,Sep-15
35,THE CREST,PRINCE CHARLES CRESCENT,Condominium,3,RCR,99 years leasehold,New Sale,1,1285000,-,743,Strata,11 to 15,1730,Sep-15
36,TURQUOISE,COVE DRIVE,Condominium,4,CCR,99 yrs lease commencing from 2007,Resale,1,3700000,-,2185,Strata,01 to 05,1693,Sep-15
37,SPOTTISWOODE PARK,SPOTTISWOODE PARK ROAD,Apartment,2,RCR,99 yrs lease commencing from 1976,Resale,1,938000,-,1270,Strata,06 to 10,738,Sep-15
38,THE PEARL @ MOUNT FABER,MOUNT FABER ROAD,Condominium,4,RCR,99 yrs lease commencing from 2002,Resale,1,1610000,-,1389,Strata,06 to 10,1159,Sep-15
39,SKYLINE RESIDENCES,TELOK BLANGAH ROAD,Condominium,4,RCR,Freehold,New Sale,1,1800000,-,829,Strata,16 to 20,2172,Sep-15
40,THE TRILINQ,JALAN LEMPENG,Condominium,5,OCR,99 years leasehold,New Sale,1,1226000,-,915,Strata,06 to 10,1340,Sep-15
41,CLEMENTIWOODS CONDOMINIUM,WEST COAST ROAD,Condominium,5,OCR,99 yrs lease commencing from 2006,Resale,1,2850000,-,2799,Strata,01 to 05,1018,Sep-15
42,THE SAIL @ MARINA BAY,MARINA BOULEVARD,Apartment,1,CCR,99 yrs lease commencing from 2002,Resale,1,2130000,-,936,Strata,16 to 20,2275,Sep-15
43,PEOPLE'S PARK COMPLEX,PARK ROAD,Apartment,1,RCR,99 yrs lease commencing from 1968,Resale,1,508000,-,409,Strata,16 to 20,1242,Sep-15
44,V ON SHENTON,SHENTON WAY,Apartment,1,CCR,99 years leasehold,New Sale,1,1475100,-,506,Strata,46 to 50,2916,Sep-15
45,VISIONCREST,OXLEY RISE,Apartment,9,CCR,Freehold,Resale,1,2350000,-,1195,Strata,06 to 10,1967,Sep-15
46,RIVERGATE,ROBERTSON QUAY,Apartment,9,CCR,Freehold,Resale,1,2190000,-,1055,Strata,16 to 20,2076,Sep-15
47,SPRING GROVE,GRANGE ROAD,Condominium,10,CCR,99 yrs lease commencing from 1991,Resale,1,1500000,-,1012,Strata,11 to 15,1482,Sep-15
48,TOWNHOUSE APARTMENTS,CAVENAGH ROAD,Apartment,9,CCR,99 yrs lease commencing from 1977,Resale,1,2100000,-,2142,Strata,06 to 10,980,Sep-15
49,RV RESIDENCES,RIVER VALLEY ROAD,Condominium,10,CCR,999 years leasehold,New Sale,1,1726000,-,861,Strata,01 to 05,2004,Sep-15
50,POLLEN & BLEU,FARRER DRIVE,Condominium,10,CCR,99 years leasehold,New Sale,1,3050000,-,1593,Strata,01 to 05,1915,Sep-15
51,THE METZ,DEVONSHIRE ROAD,Condominium,9,CCR,Freehold,Resale,1,3100000,-,1496,Strata,01 to 05,2072,Sep-15
52,THE SIENA,TAN KIM CHENG ROAD,Apartment,10,CCR,99 years leasehold,New Sale,1,1640000,-,980,Strata,01 to 05,1674,Sep-15
53,QUINTERRA,HOLLAND ROAD,Apartment,10,CCR,99 yrs lease commencing from 2006,Resale,1,2300000,-,1787,Strata,11 to 15,1287,Sep-15
54,CITY GATE,BEACH ROAD,Apartment,7,RCR,99 years leasehold,New Sale,1,1464000,-,807,Strata,16 to 20,1813,Sep-15
55,CITY GATE,BEACH ROAD,Apartment,7,RCR,99 years leasehold,New Sale,1,1420000,-,753,Strata,21 to 25,1885,Sep-15
56,LEEDON RESIDENCE,LEEDON HEIGHTS,Condominium,10,CCR,Freehold,New Sale,1,4980000,-,2497,Strata,11 to 15,1994,Sep-15
57,SOPHIA HILLS,MOUNT SOPHIA,Condominium,9,CCR,99 years leasehold,New Sale,1,1322000,-,710,Strata,01 to 05,1861,Sep-15
58,VANADIUM,HERTFORD ROAD,Apartment,8,RCR,Freehold,Resale,1,1350000,-,1066,Strata,01 to 05,1267,Sep-15
59,NASSIM PARK RESIDENCES,NASSIM ROAD,Condominium,10,CCR,Freehold,Resale,1,13500000,-,3477,Strata,01 to 05,3883,Sep-15
60,LEEDON RESIDENCE,LEEDON HEIGHTS,Condominium,10,CCR,Freehold,New Sale,1,4758750,-,2669,Strata,01 to 05,1783,Sep-15
61,LEEDON RESIDENCE,LEEDON HEIGHTS,Condominium,10,CCR,Freehold,New Sale,1,4691520,-,2659,Strata,06 to 10,1765,Sep-15
62,SOPHIA HILLS,MOUNT SOPHIA,Condominium,9,CCR,99 years leasehold,New Sale,1,1496000,-,700,Strata,01 to 05,2138,Sep-15
63,SEVENTY SAINT PATRICK'S,ST. PATRICKS ROAD,Condominium,15,OCR,Freehold,New Sale,1,1889910,-,1184,Strata,01 to 05,1596,Sep-15
64,8M RESIDENCES,MARGATE ROAD,Apartment,15,RCR,Freehold,New Sale,1,1630000,-,893,Strata,11 to 15,1824,Sep-15
65,SANT RITZ,PHENG GECK AVENUE,Condominium,13,RCR,99 years leasehold,New Sale,1,1199504,-,1238,Strata,01 to 05,969,Sep-15
66,SANT RITZ,PHENG GECK AVENUE,Condominium,13,RCR,99 years leasehold,New Sale,1,1185253,-,1227,Strata,01 to 05,966,Sep-15
67,TREASURES @ G20,LORONG 20 GEYLANG,Apartment,14,RCR,Freehold,New Sale,1,546000,-,420,Strata,06 to 10,1301,Sep-15
68,NIN RESIDENCE,PHENG GECK AVENUE,Apartment,13,RCR,99 yrs lease commencing from 2010,Sub Sale,1,1190000,-,893,Strata,01 to 05,1332,Sep-15
69,SANT RITZ,PHENG GECK AVENUE,Condominium,13,RCR,99 years leasehold,New Sale,1,1388420,-,1098,Strata,06 to 10,1265,Sep-15
70,E MAISON,BRADDELL ROAD,Apartment,13,OCR,Freehold,New Sale,1,1121328,-,936,Strata,01 to 05,1197,Sep-15
71,AMARYLLIS VILLE,NEWTON ROAD,Condominium,11,CCR,99 yrs lease commencing from 1997,Resale,1,1880000,-,1259,Strata,21 to 25,1493,Sep-15
72,TROPIKA EAST,FOO KIM LIN ROAD,Apartment,14,OCR,Freehold,New Sale,1,960000,-,818,Strata,01 to 05,1174,Sep-15
73,8M RESIDENCES,MARGATE ROAD,Apartment,15,RCR,Freehold,New Sale,1,1650000,-,893,Strata,11 to 15,1847,Sep-15
74,8M RESIDENCES,MARGATE ROAD,Apartment,15,RCR,Freehold,New Sale,1,1597260,-,893,Strata,06 to 10,1788,Sep-15
75,SANT RITZ,PHENG GECK AVENUE,Condominium,13,RCR,99 years leasehold,New Sale,1,1171086,-,1238,Strata,01 to 05,946,Sep-15
76,REZI 3TWO,LORONG 32 GEYLANG,Apartment,14,RCR,Freehold,New Sale,1,705000,-,452,Strata,01 to 05,1559,Sep-15
77,ST PATRICK'S RESIDENCES,ST. PATRICK'S ROAD,Apartment,15,OCR,Freehold,Resale,1,3588000,-,3165,Strata,B1 to B5,1134,Sep-15
78,# 1 SUITES,LORONG 20 GEYLANG,Apartment,14,RCR,Freehold,New Sale,1,726937,-,603,Strata,06 to 10,1206,Sep-15
79,THE SEAFRONT ON MEYER,MEYER ROAD,Condominium,15,RCR,Freehold,Resale,1,1710000,-,1066,Strata,21 to 25,1605,Sep-15
80,ZEDGE,AKYAB ROAD,Apartment,11,CCR,Freehold,Resale,1,1660000,-,1302,Strata,16 to 20,1275,Sep-15
81,M21,MANDALAY ROAD,Apartment,11,CCR,Freehold,Resale,1,2460000,-,1755,Strata,06 to 10,1402,Sep-15
82,PEBBLE BAY,TANJONG RHU ROAD,Condominium,15,RCR,99 yrs lease commencing from 1994,Resale,1,3300000,-,2756,Strata,01 to 05,1198,Sep-15
83,SIMS URBAN OASIS,SIMS DRIVE,Condominium,14,RCR,99 years leasehold,New Sale,1,672000,-,441,Strata,11 to 15,1523,Sep-15
84,HILLCREST ARCADIA,ARCADIA ROAD,Condominium,11,CCR,99 yrs lease commencing from 1975,Resale,1,1630000,-,1711,Strata,01 to 05,952,Sep-15
85,CENTRA HEIGHTS,SIMS AVENUE,Apartment,14,RCR,Freehold,Resale,1,610000,-,409,Strata,01 to 05,1491,Sep-15
86,RIVERBAY,MAR THOMA ROAD,Apartment,12,RCR,999 yrs lease commencing from 1882,Resale,1,790000,-,517,Strata,21 to 25,1529,Sep-15
87,BELLA VISTA,SOMMERVILLE ROAD,Apartment,13,OCR,Freehold,Resale,1,878000,-,797,Strata,01 to 05,1102,Sep-15
88,CHANCERY PARK,CHANCERY LANE,Condominium,11,CCR,Freehold,Resale,1,3420000,-,2347,Strata,01 to 05,1457,Sep-15
89,THOMSON 800,THOMSON ROAD,Condominium,11,CCR,Freehold,Resale,1,1500000,-,1432,Strata,01 to 05,1048,Sep-15
90,HAIG COURT,HAIG ROAD,Condominium,15,RCR,Freehold,Resale,1,1700000,-,1453,Strata,06 to 10,1170,Sep-15
91,EAST SIGNATURE,ELLIOT WALK,Apartment,15,OCR,Freehold,Resale,1,1188000,-,1012,Strata,01 to 05,1174,Sep-15
92,FERNWOOD TOWERS,FERNWOOD TERRACE,Condominium,15,OCR,Freehold,Resale,1,2300000,-,2497,Strata,11 to 15,921,Sep-15
93,THE HACIENDA,HACIENDA GROVE,Condominium,15,OCR,Freehold,Resale,1,2196000,-,2196,Strata,01 to 05,1000,Sep-15
94,# 1 SUITES,LORONG 20 GEYLANG,Apartment,14,RCR,Freehold,New Sale,1,729436,-,624,Strata,01 to 05,1168,Sep-15
95,REGAL COURT,KIM KEAT ROAD,Apartment,12,RCR,Freehold,Resale,1,960000,-,915,Strata,06 to 10,1049,Sep-15
96,SINGA HILLS,JALAN SINGA,Apartment,14,OCR,Freehold,New Sale,1,702810,-,463,Strata,01 to 05,1518,Sep-15
97,KALLANG RIVERSIDE,KAMPONG BUGIS,Apartment,12,RCR,Freehold,New Sale,1,1980710,-,958,Strata,06 to 10,2068,Sep-15
98,38 I SUITES,IPOH LANE,Apartment,15,RCR,Freehold,Resale,1,730000,-,495,Strata,06 to 10,1474,Sep-15
99,WING FONG MANSIONS,LORONG 14 GEYLANG,Apartment,14,RCR,Freehold,Resale,1,820000,-,1141,Strata,06 to 10,719,Sep-15
100,PAVILION 11,AKYAB ROAD,Condominium,11,CCR,Freehold,Resale,1,2200000,-,1485,Strata,06 to 10,1481,Sep-15
101,TREVISTA,LORONG 3 TOA PAYOH,Condominium,12,RCR,99 yrs lease commencing from 2008,Resale,1,2150000,-,1701,Strata,06 to 10,1264,Sep-15
102,368 THOMSON,THOMSON ROAD,Condominium,11,CCR,Freehold,Resale,1,2650000,-,1722,Strata,21 to 25,1539,Sep-15
103,JEWEL @ BUANGKOK,COMPASSVALE BOW,Condominium,19,OCR,99 years leasehold,New Sale,1,1271250,-,1130,Strata,01 to 05,1125,Sep-15
104,THE PANORAMA,ANG MO KIO AVENUE 2,Condominium,20,OCR,99 years leasehold,New Sale,1,1348776,-,1141,Strata,01 to 05,1182,Sep-15
105,COCO PALMS,PASIR RIS GROVE,Condominium,18,OCR,99 years leasehold,New Sale,1,977600,-,904,Strata,11 to 15,1081,Sep-15
106,BOTANIQUE AT BARTLEY,UPPER PAYA LEBAR ROAD,Condominium,19,OCR,99 years leasehold,New Sale,1,822000,-,657,Strata,06 to 10,1252,Sep-15
107,BOTANIQUE AT BARTLEY,UPPER PAYA LEBAR ROAD,Condominium,19,OCR,99 years leasehold,New Sale,1,671000,-,495,Strata,11 to 15,1355,Sep-15
108,BOTANIQUE AT BARTLEY,UPPER PAYA LEBAR ROAD,Condominium,19,OCR,99 years leasehold,New Sale,1,667000,-,517,Strata,06 to 10,1291,Sep-15
109,BOTANIQUE AT BARTLEY,UPPER PAYA LEBAR ROAD,Condominium,19,OCR,99 years leasehold,New Sale,1,941000,-,721,Strata,11 to 15,1305,Sep-15
110,THE GLADES,BEDOK RISE,Condominium,16,OCR,99 years leasehold,New Sale,1,747000,-,506,Strata,06 to 10,1477,Sep-15
111,LA FIESTA,SENGKANG SQUARE,Condominium,19,OCR,99 years leasehold,New Sale,1,1550000,-,1367,Strata,01 to 05,1134,Sep-15
112,LA FIESTA,SENGKANG SQUARE,Condominium,19,OCR,99 years leasehold,New Sale,1,1570000,-,1647,Strata,01 to 05,953,Sep-15
113,THE PANORAMA,ANG MO KIO AVENUE 2,Condominium,20,OCR,99 years leasehold,New Sale,1,1559160,-,1335,Strata,01 to 05,1168,Sep-15
114,BOTANIQUE AT BARTLEY,UPPER PAYA LEBAR ROAD,Condominium,19,OCR,99 years leasehold,New Sale,1,1499000,-,1130,Strata,11 to 15,1326,Sep-15
115,BOTANIQUE AT BARTLEY,UPPER PAYA LEBAR ROAD,Condominium,19,OCR,99 years leasehold,New Sale,1,649000,-,517,Strata,01 to 05,1256,Sep-15
116,COCO PALMS,PASIR RIS GROVE,Condominium,18,OCR,99 years leasehold,New Sale,1,1257696,-,1152,Strata,11 to 15,1092,Sep-15
117,THE GLADES,BEDOK RISE,Condominium,16,OCR,99 years leasehold,New Sale,1,958000,-,667,Strata,11 to 15,1435,Sep-15
118,ADANA @ THOMSON,OLD UPPER THOMSON ROAD,Apartment,20,OCR,Estate in Perpetuity,New Sale,1,1158700,-,721,Strata,01 to 05,1607,Sep-15
119,BOTANIQUE AT BARTLEY,UPPER PAYA LEBAR ROAD,Condominium,19,OCR,99 years leasehold,New Sale,1,649000,-,517,Strata,01 to 05,1256,Sep-15
120,BOTANIQUE AT BARTLEY,UPPER PAYA LEBAR ROAD,Condominium,19,OCR,99 years leasehold,New Sale,1,660000,-,517,Strata,06 to 10,1277,Sep-15
121,BOTANIQUE AT BARTLEY,UPPER PAYA LEBAR ROAD,Condominium,19,OCR,99 years leasehold,New Sale,1,688000,-,495,Strata,16 to 20,1389,Sep-15
122,BOTANIQUE AT BARTLEY,UPPER PAYA LEBAR ROAD,Condominium,19,OCR,99 years leasehold,New Sale,1,642000,-,517,Strata,01 to 05,1243,Sep-15
123,THE GLADES,BEDOK RISE,Condominium,16,OCR,99 years leasehold,New Sale,1,980000,-,721,Strata,01 to 05,1359,Sep-15
124,BOATHOUSE RESIDENCES,UPPER SERANGOON VIEW,Condominium,19,OCR,99 yrs lease commencing from 2011,Sub Sale,1,1038000,-,1001,Strata,11 to 15,1037,Sep-15
125,PALM GROVE CONDOMINIUM,PALM GROVE AVENUE,Condominium,19,OCR,999 yrs lease commencing from 1878,Resale,1,1800000,-,1841,Strata,01 to 05,978,Sep-15
126,COASTAL VIEW RESIDENCES,JALAN LOYANG BESAR,Apartment,17,OCR,999 yrs lease commencing from 1885,Resale,1,830000,-,840,Strata,01 to 05,989,Sep-15
127,KOVAN ESQUIRE,KOVAN ROAD,Apartment,19,OCR,Freehold,Resale,1,1020000,-,1076,Strata,01 to 05,948,Sep-15
128,THE PANORAMA,ANG MO KIO AVENUE 2,Condominium,20,OCR,99 years leasehold,New Sale,1,1615516,-,1335,Strata,06 to 10,1210,Sep-15
129,BOTANIQUE AT BARTLEY,UPPER PAYA LEBAR ROAD,Condominium,19,OCR,99 years leasehold,New Sale,1,683000,-,495,Strata,11 to 15,1379,Sep-15
130,BOTANIQUE AT BARTLEY,UPPER PAYA LEBAR ROAD,Condominium,19,OCR,99 years leasehold,New Sale,1,685000,-,495,Strata,11 to 15,1383,Sep-15
131,BOTANIQUE AT BARTLEY,UPPER PAYA LEBAR ROAD,Condominium,19,OCR,99 years leasehold,New Sale,1,948000,-,732,Strata,16 to 20,1295,Sep-15
132,THE PANORAMA,ANG MO KIO AVENUE 2,Condominium,20,OCR,99 years leasehold,New Sale,1,1610014,-,1335,Strata,06 to 10,1206,Sep-15
133,BOTANIQUE AT BARTLEY,UPPER PAYA LEBAR ROAD,Condominium,19,OCR,99 years leasehold,New Sale,1,1184000,-,958,Strata,01 to 05,1236,Sep-15
134,BOTANIQUE AT BARTLEY,UPPER PAYA LEBAR ROAD,Condominium,19,OCR,99 years leasehold,New Sale,1,940000,-,721,Strata,11 to 15,1303,Sep-15
135,BOTANIQUE AT BARTLEY,UPPER PAYA LEBAR ROAD,Condominium,19,OCR,99 years leasehold,New Sale,1,887000,-,732,Strata,01 to 05,1212,Sep-15
136,THE QUARTZ,COMPASSVALE BOW,Condominium,19,OCR,99 yrs lease commencing from 2005,Resale,1,1240000,-,1367,Strata,11 to 15,907,Sep-15
137,STADIA,YIO CHU KANG ROAD,Apartment,19,OCR,Freehold,Resale,1,1050000,-,904,Strata,01 to 05,1161,Sep-15
138,BOTANIQUE AT BARTLEY,UPPER PAYA LEBAR ROAD,Condominium,19,OCR,99 years leasehold,New Sale,1,968000,-,732,Strata,11 to 15,1322,Sep-15
139,PALM ISLES,FLORA DRIVE,Condominium,17,OCR,99 yrs lease commencing from 2011,Sub Sale,1,630000,-,517,Strata,01 to 05,1219,Sep-15
140,THE CHUAN,LORONG CHUAN,Condominium,19,OCR,999 yrs lease commencing from 1877,Resale,1,1100000,-,936,Strata,16 to 20,1175,Sep-15
141,THE GLADES,BEDOK RISE,Condominium,16,OCR,99 years leasehold,New Sale,1,877900,869000,581,Strata,06 to 10,1495,Sep-15
142,THE TEMBUSU,TAMPINES ROAD,Condominium,19,OCR,Freehold,New Sale,1,1900000,1898500,1367,Strata,01 to 05,1389,Sep-15
143,BOATHOUSE RESIDENCES,UPPER SERANGOON VIEW,Condominium,19,OCR,99 yrs lease commencing from 2011,Sub Sale,1,945000,-,915,Strata,06 to 10,1033,Sep-15
144,TERRASSE,TERRASSE LANE,Condominium,19,OCR,99 yrs lease commencing from 2010,Resale,1,930000,-,807,Strata,01 to 05,1152,Sep-15
145,CENTRAL VIEW,HOUGANG STREET 11,Condominium,19,OCR,99 yrs lease commencing from 1998,Resale,1,900000,-,980,Strata,01 to 05,919,Sep-15
146,BRADDELL VIEW,BRADDELL HILL,Apartment,20,RCR,99 yrs lease commencing from 1978,Resale,1,1208000,-,1615,Strata,06 to 10,748,Sep-15
147,MELVILLE PARK,SIMEI STREET 1,Condominium,18,OCR,99 yrs lease commencing from 1992,Resale,1,760000,-,990,Strata,06 to 10,767,Sep-15
148,VUE 8 RESIDENCE,PASIR RIS HEIGHTS,Condominium,18,OCR,99 years leasehold,New Sale,1,1070000,-,1044,Strata,11 to 15,1025,Sep-15
149,RIS GRANDEUR,ELIAS ROAD,Condominium,18,OCR,Freehold,Resale,1,1350000,-,1539,Strata,06 to 10,877,Sep-15
150,EASTPOINT GREEN,SIMEI STREET 3,Condominium,18,OCR,99 yrs lease commencing from 1996,Resale,1,920000,-,1173,Strata,06 to 10,784,Sep-15
151,SEASONS VIEW,PEMIMPIN DRIVE,Condominium,20,RCR,99 yrs lease commencing from 1996,Resale,1,1078000,-,1141,Strata,11 to 15,945,Sep-15
152,RAFFLESIA CONDOMINIUM,BISHAN STREET 21,Condominium,20,RCR,99 yrs lease commencing from 1997,Resale,1,1200000,-,1195,Strata,11 to 15,1004,Sep-15
153,SPACE @ KOVAN,YIO CHU KANG ROAD,Apartment,19,OCR,Freehold,Sub Sale,1,604000,-,431,Strata,01 to 05,1403,Sep-15
154,KINGSFORD WATERBAY,UPPER SERANGOON VIEW,Apartment,19,OCR,99 yrs lease commencing from 2014,New Sale,1,538000,-,484,Strata,01 to 05,1111,Sep-15
155,BOTANIQUE AT BARTLEY,UPPER PAYA LEBAR ROAD,Condominium,19,OCR,99 years leasehold,New Sale,1,1351000,-,1033,Strata,01 to 05,1307,Sep-15
156,TERRASSE,TERRASSE LANE,Condominium,19,OCR,99 yrs lease commencing from 2010,Resale,1,960000,-,732,Strata,01 to 05,1312,Sep-15
157,SAVANNAH CONDOPARK,SIMEI RISE,Condominium,18,OCR,99 yrs lease commencing from 2000,Resale,1,1245000,-,1453,Strata,01 to 05,857,Sep-15
158,WATERFRONT ISLE,BEDOK RESERVOIR ROAD,Condominium,16,OCR,99 yrs lease commencing from 2009,Sub Sale,1,718000,-,592,Strata,01 to 05,1213,Sep-15
159,TANGERINE GROVE,PAYA LEBAR CRESCENT,Condominium,19,OCR,Freehold,Resale,1,1450000,-,1216,Strata,01 to 05,1192,Sep-15
160,THE CREEK @ BUKIT,TOH TUCK ROAD,Condominium,21,RCR,Freehold,New Sale,1,1262688,-,743,Strata,01 to 05,1700,Sep-15
161,THE CREEK @ BUKIT,TOH TUCK ROAD,Condominium,21,RCR,Freehold,New Sale,1,1590000,-,969,Strata,01 to 05,1641,Sep-15
162,THE MADEIRA,BUKIT BATOK STREET 31,Condominium,23,OCR,99 yrs lease commencing from 2000,Resale,1,1200000,-,1389,Strata,21 to 25,864,Sep-15
163,HILLION RESIDENCES,JELEBU ROAD,Apartment,23,OCR,99 years leasehold,New Sale,1,641700,-,474,Strata,06 to 10,1355,Sep-15
164,THE SKYWOODS,DAIRY FARM HEIGHTS,Condominium,23,OCR,99 years leasehold,New Sale,1,1203500,-,990,Strata,06 to 10,1215,Sep-15
165,MAYSPRINGS,PETIR ROAD,Apartment,23,OCR,99 yrs lease commencing from 1994,Resale,1,1200000,-,1787,Strata,16 to 20,672,Sep-15
166,THE SKYWOODS,DAIRY FARM HEIGHTS,Condominium,23,OCR,99 years leasehold,New Sale,1,1170000,-,990,Strata,06 to 10,1181,Sep-15
167,THE SKYWOODS,DAIRY FARM HEIGHTS,Condominium,23,OCR,99 years leasehold,New Sale,1,1529500,-,1292,Strata,11 to 15,1184,Sep-15
168,THE SKYWOODS,DAIRY FARM HEIGHTS,Condominium,23,OCR,99 years leasehold,New Sale,1,1116156,-,947,Strata,06 to 10,1178,Sep-15
169,PARC VISTA,CORPORATION ROAD,Condominium,22,OCR,99 yrs lease commencing from 1995,Resale,1,1068000,-,1270,Strata,06 to 10,841,Sep-15
170,HUME PARK II,HUME AVENUE,Condominium,21,OCR,Freehold,Resale,1,1290000,-,1249,Strata,06 to 10,1033,Sep-15
171,THE CENTRIS,JURONG WEST CENTRAL 3,Apartment,22,OCR,99 yrs lease commencing from 2006,Resale,1,1430000,-,1292,Strata,11 to 15,1107,Sep-15
172,MAYSPRINGS,PETIR ROAD,Apartment,23,OCR,99 yrs lease commencing from 1994,Resale,1,895000,-,1324,Strata,01 to 05,676,Sep-15
173,THE DAIRY FARM,DAIRY FARM ROAD,Condominium,23,OCR,Freehold,Resale,1,2200000,-,2142,Strata,01 to 05,1027,Sep-15
174,LAKEVILLE,JURONG LAKE LINK,Condominium,22,OCR,99 years leasehold,New Sale,1,1306968,1298968,1141,Strata,01 to 05,1138,Sep-15
175,MEADOWS @ PEIRCE,UPPER THOMSON ROAD,Condominium,26,OCR,Freehold,Resale,1,820000,-,635,Strata,01 to 05,1291,Sep-15
176,ECO SANCTUARY,CHESTNUT AVENUE,Condominium,23,OCR,99 years leasehold,New Sale,1,1811620,-,1367,Strata,16 to 20,1325,Sep-15
177,HILLION RESIDENCES,JELEBU ROAD,Apartment,23,OCR,99 years leasehold,New Sale,1,666120,-,474,Strata,11 to 15,1406,Sep-15
178,HIGH PARK RESIDENCES,FERNVALE ROAD,Apartment,28,OCR,99 years leasehold,New Sale,1,697000,-,581,Strata,21 to 25,1199,Sep-15
179,HIGH PARK RESIDENCES,FERNVALE ROAD,Apartment,28,OCR,99 years leasehold,New Sale,1,786000,-,710,Strata,16 to 20,1106,Sep-15
180,HIGH PARK RESIDENCES,FERNVALE ROAD,Apartment,28,OCR,99 years leasehold,New Sale,1,935000,-,1109,Strata,21 to 25,843,Sep-15
181,NORTH PARK RESIDENCES,YISHUN CENTRAL 1,Apartment,27,OCR,99 years leasehold,New Sale,1,1107000,-,829,Strata,06 to 10,1336,Sep-15
182,HIGH PARK RESIDENCES,FERNVALE ROAD,Apartment,28,OCR,99 years leasehold,New Sale,1,834000,-,872,Strata,11 to 15,957,Sep-15
183,HIGH PARK RESIDENCES,FERNVALE ROAD,Apartment,28,OCR,99 years leasehold,New Sale,1,845000,-,936,Strata,21 to 25,902,Sep-15
184,HIGH PARK RESIDENCES,FERNVALE ROAD,Apartment,28,OCR,99 years leasehold,New Sale,1,727000,-,667,Strata,11 to 15,1089,Sep-15
185,SYMPHONY SUITES,YISHUN CLOSE,Condominium,27,OCR,99 years leasehold,New Sale,1,820000,-,797,Strata,01 to 05,1029,Sep-15
186,HIGH PARK RESIDENCES,FERNVALE ROAD,Apartment,28,OCR,99 years leasehold,New Sale,1,823000,-,872,Strata,21 to 25,944,Sep-15
187,RIVERBANK @ FERNVALE,FERNVALE CLOSE,Condominium,28,OCR,99 years leasehold,New Sale,1,1128000,-,1044,Strata,11 to 15,1080,Sep-15
188,NORTH PARK RESIDENCES,YISHUN CENTRAL 1,Apartment,27,OCR,99 years leasehold,New Sale,1,1514780,-,1206,Strata,06 to 10,1256,Sep-15
189,NORTH PARK RESIDENCES,YISHUN CENTRAL 1,Apartment,27,OCR,99 years leasehold,New Sale,1,1502320,-,1206,Strata,01 to 05,1246,Sep-15
190,HIGH PARK RESIDENCES,FERNVALE ROAD,Apartment,28,OCR,99 years leasehold,New Sale,1,1143000,-,1238,Strata,11 to 15,923,Sep-15
191,RIVERBANK @ FERNVALE,FERNVALE CLOSE,Condominium,28,OCR,99 years leasehold,New Sale,1,1304000,-,1238,Strata,16 to 20,1053,Sep-15
192,SYMPHONY SUITES,YISHUN CLOSE,Condominium,27,OCR,99 years leasehold,New Sale,1,837000,-,786,Strata,06 to 10,1065,Sep-15
193,HIGH PARK RESIDENCES,FERNVALE ROAD,Apartment,28,OCR,99 years leasehold,New Sale,1,833000,-,893,Strata,21 to 25,932,Sep-15
194,HIGH PARK RESIDENCES,FERNVALE ROAD,Apartment,28,OCR,99 years leasehold,New Sale,1,768000,-,893,Strata,06 to 10,860,Sep-15
195,HIGH PARK RESIDENCES,FERNVALE ROAD,Apartment,28,OCR,99 years leasehold,New Sale,1,716000,-,678,Strata,16 to 20,1056,Sep-15
196,HIGH PARK RESIDENCES,FERNVALE ROAD,Apartment,28,OCR,99 years leasehold,New Sale,1,1042000,-,1152,Strata,16 to 20,905,Sep-15
197,RIVERTREES RESIDENCES,FERNVALE CLOSE,Apartment,28,OCR,99 years leasehold,New Sale,1,1007300,-,947,Strata,11 to 15,1063,Sep-15
198,NORTH PARK RESIDENCES,YISHUN CENTRAL 1,Apartment,27,OCR,99 years leasehold,New Sale,1,967500,-,700,Strata,06 to 10,1383,Sep-15
199,HIGH PARK RESIDENCES,FERNVALE ROAD,Apartment,28,OCR,99 years leasehold,New Sale,1,921000,-,1163,Strata,21 to 25,792,Sep-15
200,SYMPHONY SUITES,YISHUN CLOSE,Condominium,27,OCR,99 years leasehold,New Sale,1,728000,-,689,Strata,06 to 10,1057,Sep-15
201,HIGH PARK RESIDENCES,FERNVALE ROAD,Apartment,28,OCR,99 years leasehold,New Sale,1,794000,-,872,Strata,16 to 20,911,Sep-15
202,HIGH PARK RESIDENCES,FERNVALE ROAD,Apartment,28,OCR,99 years leasehold,New Sale,1,732000,-,678,Strata,16 to 20,1079,Sep-15
203,HIGH PARK RESIDENCES,FERNVALE ROAD,Apartment,28,OCR,99 years leasehold,New Sale,1,770000,-,700,Strata,16 to 20,1101,Sep-15
204,HIGH PARK RESIDENCES,FERNVALE ROAD,Apartment,28,OCR,99 years leasehold,New Sale,1,783000,-,710,Strata,16 to 20,1102,Sep-15
205,RIVERBANK @ FERNVALE,FERNVALE CLOSE,Condominium,28,OCR,99 years leasehold,New Sale,1,995000,-,1044,Strata,11 to 15,953,Sep-15
206,HIGH PARK RESIDENCES,FERNVALE ROAD,Apartment,28,OCR,99 years leasehold,New Sale,1,620000,-,581,Strata,16 to 20,1067,Sep-15
207,HIGH PARK RESIDENCES,FERNVALE ROAD,Apartment,28,OCR,99 years leasehold,New Sale,1,1335000,-,1442,Strata,16 to 20,926,Sep-15
208,HIGH PARK RESIDENCES,FERNVALE ROAD,Apartment,28,OCR,99 years leasehold,New Sale,1,1285000,-,1442,Strata,01 to 05,891,Sep-15
209,HIGH PARK RESIDENCES,FERNVALE ROAD,Apartment,28,OCR,99 years leasehold,New Sale,1,758000,-,732,Strata,16 to 20,1036,Sep-15
210,HIGH PARK RESIDENCES,FERNVALE ROAD,Apartment,28,OCR,99 years leasehold,New Sale,1,1038000,-,1152,Strata,21 to 25,901,Sep-15
211,HIGH PARK RESIDENCES,FERNVALE ROAD,Apartment,28,OCR,99 years leasehold,New Sale,1,385000,-,388,Strata,06 to 10,994,Sep-15
212,HIGH PARK RESIDENCES,FERNVALE ROAD,Apartment,28,OCR,99 years leasehold,New Sale,1,1288000,-,1442,Strata,01 to 05,893,Sep-15
213,RIVERTREES RESIDENCES,FERNVALE CLOSE,Apartment,28,OCR,99 years leasehold,New Sale,1,1193680,-,1227,Strata,01 to 05,973,Sep-15
214,HIGH PARK RESIDENCES,FERNVALE ROAD,Apartment,28,OCR,99 years leasehold,New Sale,1,930000,-,1001,Strata,21 to 25,929,Sep-15
215,RIVERTREES RESIDENCES,FERNVALE CLOSE,Apartment,28,OCR,99 years leasehold,New Sale,1,1220000,-,1119,Strata,11 to 15,1090,Sep-15
216,SERENITY PARK,TAMARIND ROAD,Condominium,28,OCR,Freehold,Resale,1,1220000,-,1324,Strata,01 to 05,921,Sep-15
217,HIGH PARK RESIDENCES,FERNVALE ROAD,Apartment,28,OCR,99 years leasehold,New Sale,1,742000,-,732,Strata,16 to 20,1014,Sep-15
218,HIGH PARK RESIDENCES,FERNVALE ROAD,Apartment,28,OCR,99 years leasehold,New Sale,1,730000,-,872,Strata,01 to 05,837,Sep-15
219,HIGH PARK RESIDENCES,FERNVALE ROAD,Apartment,28,OCR,99 years leasehold,New Sale,1,1079000,-,1152,Strata,16 to 20,937,Sep-15
220,HIGH PARK RESIDENCES,FERNVALE ROAD,Apartment,28,OCR,99 years leasehold,New Sale,1,735000,-,678,Strata,16 to 20,1084,Sep-15
221,HIGH PARK RESIDENCES,FERNVALE ROAD,Apartment,28,OCR,99 years leasehold,New Sale,1,938000,-,980,Strata,06 to 10,958,Sep-15